factura_9d6be326-be34-4097-a10c-0ce1a93e676a.pdf,dudleymaurice@example.com,exitoso
factura_943201e2-2c25-443a-90cf-35859bfcf696.pdf,james70@example.org,exitoso
factura_d4fcee66-0ae7-44e2-bae0-bbeae13645fb.pdf,david47@example.net,exitoso
factura_80eab91b-2ce8-477e-a20b-c5ad58ce4e61.pdf,gainesmorgan@example.net,exitoso
factura_96edfa64-b811-4c56-94ff-b341bcc6e4ad.pdf,russell33@example.com,exitoso
factura_36f97c31-ccac-4935-9ca2-f2870dedfb6c.pdf,dianedavis@example.net,exitoso
factura_48115fd3-41ad-421d-91ef-e9ea5e898af4.pdf,hojoseph@example.org,exitoso
factura_056a36b7-1b96-42f8-9ed9-744b7d6f10bd.pdf,clarkelizabeth@example.net,exitoso
factura_055f1097-5349-414b-850b-461eae1e9063.pdf,mark25@example.com,exitoso
factura_d7ae8ccd-9214-4a8c-953b-c07cb1187702.pdf,coryschmidt@example.com,exitoso
factura_b8ce1a44-7aa5-4f14-b68f-f896e977227b.pdf,24002749@galileo.edu,exitoso
factura_68021f63-c63c-4e11-886a-e6e647941e26.pdf,pamela56example.net,fallido
factura_563fe91f-e89b-4f1d-8235-7c0b4d4485a2.pdf,mariogreen@example.com,exitoso
factura_c247a310-081c-4cc0-9e44-27b5d6606cdd.pdf,christina62@example.net,exitoso
factura_3bb30437-d083-4aaf-9fc1-5d4b5fab4327.pdf,toddweber@example.net,exitoso
factura_ebe8adff-748f-46e7-a3bd-9e08fbd201d8.pdf,tommysnyder@example.net,exitoso
factura_a75b6aba-a554-470f-a753-fbe508cd1d7e.pdf,bcarpenter@example.net,exitoso
factura_b5f3346f-fb57-4895-83fa-d9c793c59397.pdf,bushjeffrey@example.org,fallido
factura_6670c32a-1dc3-4ed4-b596-8943660a8430.pdf,vrogers@example.org,fallido
factura_ad73a67e-ebef-4316-b278-29ddaadf6659.pdf,dlewis@example.com,exitoso
factura_68021f63-c63c-4e11-886a-e6e647941e26.pdf,pamela56example.net,fallido
factura_b5f3346f-fb57-4895-83fa-d9c793c59397.pdf,bushjeffrey@example.org,exitoso
factura_6670c32a-1dc3-4ed4-b596-8943660a8430.pdf,vrogers@example.org,exitoso
